Number of points,Value of pi,X COM,Y COM,Z COM
3,2.3094010767585034,-0.29959335923543085,-0.3409761403095018,0.10430779063921791
4,3.4641016151377553,-0.133397408912282,-0.27763244788546126,-0.20904600768060594
5,2.3094010767585034,-0.05453497972881237,-0.22967875691872633,-0.04547029559677309
6,2.886751345948129,0.12084650724812727,-0.18395240529051896,0.023036902380012953
7,3.4641016151377553,-0.00010134541100646568,-0.02879673421826087,-0.08670236761169327
8,4.041451884327381,0.20463072188891335,-0.01747545525395918,-0.01864439628144056
9,3.0792014356780046,0.1405752903993026,0.048287365916924126,0.0001850863685127984
10,2.5980762113533165,0.1288230437257239,0.015025938667604443,-0.026461426413906485
11,2.3094010767585034,0.051689598318283375,-0.055639228115258677,0.05271212253828394
12,2.5403411844343537,0.03064453331679648,0.051167123778988056,-0.01646768659204062
13,2.3094010767585034,0.030630830248265354,-0.016308246655667512,0.002962712222764328
14,2.144443856990039,0.002694156895673011,0.03875263054856811,-0.05798773908630351
15,2.0207259421636903,-0.029046124403351074,0.038514645488297285,-0.006478500209763386
16,1.9245008972987527,0.00653172199330445,-0.015635071026146155,0.05178519792418321
17,1.8475208614068026,-0.0346698090727833,0.001948795986363432,0.0228818542134192
18,1.9629909152447278,-0.023006435222562127,-0.01802472924398111,-0.05188342403467125
19,1.8895099718933208,0.008448208522827119,0.004067797262263295,-0.019149354759287612
20,1.9944827481096166,-0.008955832826304813,-0.016365019560486218,0.04666588287969528
21,2.099455524325912,0.010342216820641742,0.040953445950958685,0.026178693701689237
22,2.2044283005422076,0.003576044989013373,-0.007451773440055442,0.016081651686685267
23,2.3094010767585034,-0.06005091969249286,0.01246213199724966,-0.01259704945693751
24,2.213176031893566,-0.04826370508165025,0.002834309938300014,-0.0012775917643101514
25,2.1317548400847723,-0.011213364007239988,-0.011881164403833876,0.01304872876508164
26,2.0619652471058068,0.007378470028322144,-0.011264501348105218,-0.024381285780832398
27,2.144443856990039,-0.03997533510039895,0.0062743926675837385,-0.02247030377429018
28,2.2269224668742713,-0.02297644825621667,-0.03354162512557286,0.01830410704263111
29,2.155441004974603,-0.0026237111792057977,0.000658446777259642,0.012248999421592476
30,2.2324210408665532,0.03929677923136772,-0.003061163353740434,-0.01262229131511368
31,2.3094010767585034,0.02996916227001074,0.023138777071307102,0.02093178402108837
32,2.2372322931098,0.02454725537695726,-0.0008994956182436301,0.0001811503738947222
33,2.3094010767585034,0.015221493866866257,0.0441415149796527,-0.0180181712747559
34,2.3815698604072066,0.005125464527513124,0.013612809947138845,-0.009780058797839572
35,2.45373864405591,-0.041233237652503814,0.006244658543542541,0.0007458778024036145
36,2.525907427704613,-0.03738061209057765,-0.02499618365127359,-0.026079357652545876
37,2.445248198920768,-0.02471222554734316,-0.024158146300321415,-0.016243918290355888
38,2.513171760001901,0.0021117252188169264,0.0012087642610107447,0.005435375137390768
39,2.581095321083033,0.0004989952536781329,-0.012143769365894503,-0.03662957358933626
40,2.5018511664883785,-0.015611134095854915,0.0010054448373621988,-0.02888774346418398
41,2.566001196398337,-0.013461583441861847,-0.03383016521075033,-0.01263927023912186
42,2.6301512263082953,0.01824051562495397,-0.030867926048445522,-0.012325047054332587
43,2.694301256218254,0.010540812941337192,0.006785205344950743,-0.0011260034103603924
44,2.758451286128212,0.002626947536237262,-0.009263926565375996,0.025328879708126906
45,2.6740433520361617,-0.003076725334571662,0.0026381200881916817,0.015161184937068558
46,2.734817064582438,0.025458246178039424,-0.00010168568365112083,0.009190485294864938
47,2.7955907771287145,0.010652885788424044,0.007588255990115329,-0.0180684404653084
48,2.7135462651912414,-0.008770422467389844,-0.002979564834316061,0.00028274353923299356
49,2.771281292110204,0.0010216201587487656,0.01180707878937397,-0.02486057961772725
50,2.8290163190291664,-0.021782386529323475,-0.002156104765728568,-0.010850443438531135
51,2.7492869961410755,-0.017168429801623062,0.0007277316872698339,0.00246586529150742
52,2.804272736063897,0.005140375292617138,-0.011596896727604925,-0.012317699337210912
53,2.8592584759867186,0.004314270082342268,-0.003301532600552768,0.007982380745852499
54,2.7817785697318334,-0.004401371052776475,0.014562143434537099,0.004489816501433506
55,2.8342649578399812,-0.003490192398936348,-0.0057396361382301905,-0.007444931585497101
56,2.886751345948129,0.014516214989010697,0.0073802002577228795,-0.004339299751856634
57,2.939237734056277,0.0003041475742925562,-0.009592500056422131,0.01608137282696009
58,2.8616491603311887,-0.008014906819367104,-0.001110105341227193,-0.000270836877157104
59,2.7905263010831916,-0.0072887687187484385,0.01522120170280073,0.013639284153975565
60,2.8386388235156605,-0.0015501028984490277,-0.008442197331299056,0.01128397720345543
61,2.771281292110204,0.0005490684542526105,-0.00016558832277132127,0.006820917042847621
62,2.817469313645374,-0.02420256906904396,0.00875062142866806,8.782501829390776e-05
63,2.753516668442831,-0.008761724625831243,-0.0009412682063900826,-0.010479790498994432
64,2.797928227611264,-0.0005711917278925817,0.0076094048218119745,0.008427612032603879
65,2.8423397867796965,0.005039249350756832,-0.0027834668897374335,-0.009490343147559446
66,2.8867513459481295,-0.00033028415375170134,0.014386372873118263,-0.0013286693784275868
67,2.931162905116562,0.017447035368705135,0.0055313202042211705,0.011210259857339831
68,2.86536800264481,0.011390219229482811,0.0014530097541885403,0.004278225960756976
69,2.908134689251449,0.002785780501621831,-0.0140735585884315,0.002270667157911597
70,2.845512041006013,-0.0032377804917632577,-0.0030741387904933003,-0.011135671229367285
71,2.886751345948129,0.013612837169947123,0.004941158351916174,-0.00726428007377907
72,2.9279906508902456,0.004644018079721675,-0.00978156916697796,-0.005518057452033712
73,2.9692299558323616,-0.0042922793216876795,0.004570449712282615,-0.0018421477474344738
74,3.0104692607744776,-0.003973381575627689,-0.009755971595972806,0.0058071630249612325
75,3.0517085657165937,0.004829802862935275,0.010315211159973081,0.003354490058532853
76,3.09294787065871,-0.006428982657374416,-0.007042747690004078,-0.005271853946729142
77,3.0261117557525217,-0.006398032722408493,-0.004850787532840682,0.003145615791300778
78,3.065929015696634,0.0016912172515800984,-0.002090931860743345,-0.010478504747055537
79,3.0022213997860545,-0.006146502107397831,-0.0015699572092277173,-0.005813925819360567
80,3.0407114177320294,0.0011626052904972878,0.01562413794154898,-0.0026386120578615105
81,2.9798723571077463,-0.0007510972578819616,0.013725611634115965,-0.0022559679481312933
82,2.922835737772481,0.010276932033076513,0.008313688800696686,0.00216074377260164
83,2.869255883245413,6.663508617174407e-05,0.005778589270129433,0.0008531751631622718
84,2.904246808650845,-0.0032196472744856924,-0.0007608199554914009,-0.017278677225465427
85,2.852789565407563,0.0010374623619125438,0.006791308356604121,-0.015155488202576442
86,2.886751345948129,-0.01225552516248933,-0.003706195338176647,-0.0057176212292449815
87,2.9207131264886956,-0.002712127600053322,0.012316007007923286,-0.0032147053999576356
88,2.9546749070292617,-0.00023054463490191021,0.008157211697034662,0.011785016189752784
89,2.9032470679249758,0.0020968145048698037,0.0012708032636158158,0.010652282035914841
90,2.9362385118786687,-0.003030988970059906,-0.005754582821837422,-0.0008054197830614575
91,2.9692299558323616,0.008947798663002006,-0.005237942320563889,0.010633074987721924
92,3.0022213997860545,-0.006556706262569798,-0.0025328673114804697,0.005396858042134581
93,3.0352128437397474,0.009461742418908304,0.002742358055185504,0.0018965959463730984
94,3.0682042876934403,-0.0029795237246210953,-0.005374540679066056,0.0017178730391224498
95,3.1011957316471332,-0.000718048545821536,0.011094798876877214,0.0007890461242472862
96,3.0471264207230253,0.0071592933276009366,0.010331092750827725,-0.0054024723466122035
97,3.0792014356780046,-0.008992284615244522,0.006624141481438771,-0.003668590576089442
98,3.1112764506329835,0.004525371356768278,0.0036385038424490384,1.8487937613000984e-05
99,3.058396020572072,-0.005138309973196814,-0.0023995849757603737,-0.004354456960648279
100,3.008298771040682,-0.00269928498234837,-0.001536695065610439,0.002744515099161739
101,2.9607706112288503,-3.090091979375474e-05,0.005935342564270517,-0.000683574590841508
102,2.9156188594076102,0.002955098124056558,0.0058778279067994025,0.008709060794683149
103,2.944486372867092,0.0014447056676170846,-0.0044432812729244,0.008058704790450138
104,2.973353886326573,-0.0006850544718944438,0.00806070310501774,0.0010886662310711547
105,3.0022213997860545,0.0030025443852570153,-0.005268909880715713,-0.0015791851817962732
106,3.0310889132455356,0.0016791743297117421,-0.0005843413158185634,0.009414585659385093
107,2.9853233431268458,-0.0005930749972192586,0.004815072487818063,0.0017847370712716438
108,3.0134867708921935,0.013179293021844365,0.004490044986872351,0.00023704095781900425
109,3.041650198657541,0.0022264450939267614,-0.004507137361444435,-0.0005940531558833415
110,2.996722825793772,-0.006762812429415126,0.0015422100279050216,0.0025010678920830702
111,3.0242156957551827,-0.0048216405261440375,-0.005709684551325134,-0.01080115186140232
112,2.980738599072022,0.0016116388518489819,7.239892375501425e-05,-0.0061041096791980545
113,3.0075920999645622,-0.0012760998831255234,-0.011879789707580862,-0.004825070358098873
114,2.9654809281103507,0.0014715424991074437,-0.004270949329616582,0.0020779671514495842
115,2.925241363894104,-0.002530526764536019,0.003058849992534943,0.0005945354872281432
116,2.886751345948129,0.004749162819612984,-0.001572858689596859,-0.0003262706805263373
117,2.9118535315650695,0.004046554242701169,0.0021970596464996233,0.009254883562134854
118,2.9369557171820095,0.003940590778274532,-0.006845803585549381,0.0026084596404277256
119,2.96205790279895,0.001053102870241394,-0.004758832380405615,-0.008794195584046807
120,2.98716008841589,-0.008640580791512342,-0.0008545872483756813,-0.002631330718882157
121,2.948171587351281,-0.006072079305998961,0.006945445753973059,-0.0009732757915883708
122,2.9727396839125415,0.0010774840920783288,-0.0017761146006396089,0.0035544580763202786
123,2.934863868380598,0.00015335924237170416,0.0007878798804456774,-0.0013291110163885774
124,2.89853400450302,-0.0009582690055193914,-0.007112278681926201,-0.0010761295848624437
125,2.9220993216128,0.0035625369784576815,-0.0033059271848658914,0.010223739001410376
126,2.8867513459481295,-0.0018374700542284688,0.0013543432705647054,0.008659644741424305
127,2.852789565407563,0.0015192459869723353,-0.006147180047281924,0.004751430169206716
128,2.875430752434607,-0.006374933815388396,-0.004843842315557636,-0.0034254842712204284
129,2.8423397867796965,-0.006011320924742244,0.0014707843223874253,0.0026195446848431537
130,2.810497536809877,-0.0008384767308756156,-0.005116120311594896,0.002213864966158734
131,2.832284339420806,0.008365696806297835,-0.004086762375420015,0.0002596868679381271
132,2.8540711420317355,-0.002439329803317194,-0.0037606529681019464,-0.007096188219831922
133,2.875857944642665,0.006876287942666259,0.004563864937026253,-0.006314736373192214
134,2.8976447472535938,-0.003284599654236805,-0.00045649959737658675,-0.0035469181424379673
135,2.919431549864523,0.0011097717331419465,0.010521398049139992,-0.002882578903874989
136,2.9412183524754525,-0.0033716069540094163,0.0030767033506375395,0.005113573250622567
137,2.908134689251449,0.003028860251647541,-0.004209218018754845,0.003435164210805534
138,2.8762540683265,-0.0025286304884941805,-0.0033734141296786493,0.0018592201227202996
139,2.8972486235697588,0.004561292187474534,0.00482591971103401,-0.0024628380290943807
140,2.866131693477071,0.0027732446722981688,0.002962249862265942,9.082220053993339e-05
141,2.886751345948129,0.0020782913498379007,-0.007739602426715361,-0.0036567720691955455
142,2.856364489674991,-1.889925185504488e-05,-0.005461881046957521,0.003209824026421887
143,2.876622393857083,0.0029581408215138163,0.0023522144549098876,-1.9395588608026096e-05
144,2.8968802980391755,0.0009671815049665287,-0.007368107496310765,0.0025559825856666567
145,2.9171382022212673,-0.00353246808005053,-0.00012833380900991655,0.0018895181573373692
146,2.9373961064033596,0.0040081114323120845,0.0013571246996779349,-0.0011886927553460493
147,2.9066599759201854,-0.0023390913344368183,-0.0043136071428333195,0.00525734915066241
148,2.9265686058922413,-0.0017624066650104792,0.004869308928010343,0.005217322218973382
149,2.9464772358642977,0.002981137427664699,0.003974246437679753,-0.0038424081417429827
150,2.9663858658363536,0.001969031842401207,-0.006253391440346653,-0.002680345675577412
151,2.9862944958084094,-0.006888791129588416,-0.003513591855344348,-0.0023183779180639573
152,3.006203125780466,-0.0046245390915273625,0.004985011908524885,0.003736991383662125
153,3.0261117557525217,0.0022821138176328548,-0.000911873264448926,-0.0011742399668981094
154,2.9943929215597542,-0.0024815161313702806,0.004705472098172369,-0.0007778290556392457
155,3.0139641171255045,0.004229221050447817,0.0022146690853182883,0.0038128202335143088
156,3.0335353126912543,-0.002682332103422997,4.588789306119673e-05,0.003359619752902747
157,3.0531065082570046,-0.00026607110775910036,-0.005943409519244724,-0.0037166104177028233
158,3.021466408759042,0.0044876798988266,-0.004211697237096224,0.002549927520571944
159,3.0407114177320294,0.00034768380892765034,-1.2796441327755017e-05,-0.004944535376869479
160,3.059956426705017,-0.009408438953731394,0.0016151169047382975,-0.004556746423289062
161,3.0792014356780046,-0.002878913252174255,-0.0009018739769290693,-0.003829840139403082
162,3.098446444650992,0.007412804013942982,-0.00043214701312656133,-0.0025717177786038214
163,3.1176914536239795,-0.0014927806454907869,0.003913942641255934,0.0009929606392387329
164,3.1369364625969673,0.00036861086755466657,-0.002982688789284375,0.00034677474031919803
165,3.1561814715699548,-0.003237674832345083,-0.0024000503109132543,-0.005878493237614205
166,3.175426480542942,-0.0007597484537038741,-0.0014770769930204997,0.001683899486731942
167,3.1946714895159296,0.0034581453346856266,4.8092951322571696e-05,-0.0050746348692942665
168,3.2139164984889175,7.557647612797482e-05,-0.006190892115657346,0.0022367903283998084
169,3.180158859798595,-0.0011096789473586046,-0.004338178296217304,0.0021974207938305645
170,3.1990883768212055,0.0007568004021873857,0.0031105035097872507,-0.0026496184994302084
171,3.1661143794269804,-0.0026669720827026313,-0.0016273818934195404,0.0031784442581824623
172,3.184738581658904,0.0045686214617019156,0.0016925635964348588,0.0024723628911477525
173,3.203362783890827,0.0014275185281313642,-0.0012393720951032602,-0.0036697171612540347
174,3.170844335549374,-0.002505351382686422,0.004104650252174561,-0.0023819304864075215
175,3.1891729155236477,-0.0014044991861519086,-0.0010648673700319313,0.005874818276589624
176,3.2075014954979215,0.0054684917330845755,0.0009158952061358233,0.0011592639238065994
177,3.2258300754721954,0.0039871486235119715,-0.001270504621449059,-0.004850130282486107
178,3.244158655446469,0.001773023443733573,0.005756048720320802,0.0006046633365530005
179,3.262487235420743,-0.00130333211941918,0.0017757058032971328,-0.00537633313678052
180,3.2295530682794698,0.00268821632312336,3.793061730115208e-05,-0.0027734970141779828
181,3.2475952641916455,-0.003637592332248047,-0.0046128681817256476,-0.002404875583395178
182,3.265637460103821,0.00018678835080058516,-0.004095130844351699,0.004898348465539813
183,3.283679656015997,-0.004250064947526992,-0.00247338891141549,-0.0010912877094067905
184,3.301721851928173,0.004567926013021517,-0.0009090675380264038,-0.00010180411280053825
185,3.3197640478403487,0.0035230757779343065,0.005562203202811298,0.0014181582392895284
186,3.3378062437525244,-0.000730079182916107,-0.0009412843489722219,0.00041865107677312776
187,3.3558484396647,0.00549797839350737,0.004981598381230726,-0.002577766028674414
188,3.32198462579877,0.0021097658142326292,0.002395670978069672,0.0002384345564603475
189,3.339749249466143,-0.005245978798398898,-0.0025721173950923686,-0.000497924768414821
190,3.3575138731335166,-3.680928196202997e-06,-0.0015488468146248133,0.005198968150229089
191,3.3241379135160276,0.0019186315818206876,-0.000146267112739708,0.00024719720974761955
192,3.3416333762187436,-0.00307837273639098,0.0030661854545091538,-0.006357880730870993
193,3.3591288389214595,0.004356585411507762,0.002637459957602444,-0.003869225436219679
194,3.3766243016241755,-0.0008323137432677941,0.0010048318488553472,-0.0014374458287636466
195,3.343461260381714,-0.0006149706675851153,-0.003436181421848349,0.002653633636838663
196,3.360695596775434,0.006167931930591283,0.0018804936937119514,0.0022237010225814096
197,3.3779299331691544,0.004499644797795537,-0.0037994530994964262,-0.001994210158984714
198,3.345235383245773,0.0012408591102248735,0.00028201061060903,-0.0018669574024759088
199,3.3134885014361135,6.212282432448641e-05,-0.0001426220082834254,-0.0003671744731368256
200,3.330223291847407,-0.002509521076648926,0.0010400242966713685,0.007560575742674241
201,3.2991443953692907,-0.001677732150448356,-0.0005965969098951181,0.003706542246153487
202,3.315640117346137,0.0061198674712366315,0.0007293832339878833,0.0024811254601699844
203,3.2852043486282936,0.0019841749015577213,-0.0001461403082021689,0.001649855621478053
204,3.25561401793039,0.0014476802915335265,0.0018134000060027263,-0.0023710394713471676
205,3.22683438122421,0.00080054404181469,0.001629689222968757,0.0020943382067701694
206,3.1988325725371163,0.00025961632702840073,-0.0002214929715460163,0.0007624991133836421
207,3.1715774787483446,-0.004064418423039899,5.4427124441804496e-05,-0.0014476969245710333
208,3.1869734859267345,0.0012841631600125465,-0.00315925816182555,0.003103258671156344
209,3.2023694931051248,-0.0028267239598971567,0.0038127392481983975,0.0021267695929955955
210,3.2177655002835146,0.0025739515504582633,0.003652062672491084,0.001313360401534622
211,3.190619908679511,0.0009486062829834461,0.002278029819378927,-0.0013562017622557718
212,3.1641793973769103,-0.0024960306524737185,-0.0020876132913222245,-0.0010037162146674186
213,3.1791755082649527,0.003058992252804413,-0.000445513197723618,0.0011579772567342859
214,3.194171619152995,0.0009021553856800119,0.0006214875830443766,-0.005092273035104124
215,3.2091677300410373,-0.005511790892490168,-0.0012379589913960635,-0.0012435413362785397
216,3.224163840929079,0.00012616811147438996,-0.0006276648411185858,0.0025812973085338
217,3.2391599518171215,-0.005556143680063304,0.001392504414041599,-0.002302045577572937
218,3.2124361131833026,-0.002176731309780283,0.0013096146720117869,-0.0013501534325583793
219,3.227239966239447,0.0036565316462302015,0.0006430286708128609,0.0019402311714093276
220,3.2010052899374193,0.000663585069566516,-0.0014637455898637512,0.000836720947901983
221,3.175426480542942,-0.0009994034040834833,-0.00029398002696712195,-0.0028570740327625963
222,3.1898602372726828,0.006278358079892685,0.0020980278559850573,-0.0013957909046519933
223,3.164734808891282,0.0032071555582612443,0.00152660169497644,-0.000528206295024455
224,3.1789903710934952,0.0015823590553435203,-0.0032756698548261423,0.0009330443762972548
225,3.1932459332957084,0.0009076460601188391,0.0037283721924890726,8.129242390209339e-05
226,3.207501495497921,-0.001354603481439555,0.0028356810082159263,-0.0058844185423474185
227,3.221757057700134,0.002512968829791788,-0.0032794768827509287,-0.0035154666351279477
228,3.2360126199023473,-0.004890778985288043,-0.0027658281139039363,-0.0029462087906916967
229,3.25026818210456,-0.000833890286804454,-0.002486748063040769,0.0033527939635678797
230,3.264523744306773,0.0037045448452676937,-0.0003028040412198879,-0.0005765397821759285
231,3.2787793065089863,0.0012417747164537559,0.006375869039882501,-0.00028751233018662334
232,3.252875906897648,-0.002895709150435036,0.005040857299440221,0.003404638822960576
233,3.266957620780322,0.0028574924669382,0.0015805000398673617,0.0006179426567242717
234,3.2415087402694653,0.0006972358561267713,-0.000105073811420668,-0.0031160217500593376
235,3.2554207949487335,-0.0014329238722411658,0.0022575156709081245,0.0018678309724677155
236,3.2693328496280016,-0.0011551667237897141,-0.0035501709959920827,-0.0011961515289887234
237,3.28324490430727,0.002728132320563765,-0.0020374693251988835,0.003716589161618343
238,3.2579050904271742,0.0010970949004757637,0.0008503882618614863,0.0008937814911733705
239,3.2716515254078797,-0.00028394835589846035,0.0003241602326795841,-0.0042134631757915824
240,3.246746219678131,0.0031104136043515057,-0.001737649579893326,-0.0037199372628548004
241,3.2603309318943574,-0.0006338619660796236,-0.001327987414068331,0.0017624665025217433
242,3.273915644110584,0.0038664620590301364,-0.0006087681322091749,-0.00036040531976694394
243,3.249273607997429,-0.0001702023577844657,-0.0003464098323787572,0.0020087163765335927
244,3.2627003584436993,0.00024906188596470104,0.0031761087751269344,-0.004120530876020458
245,3.2761271088899697,-0.001786762807051657,-0.0017097525691391492,-0.0003314557777191689
246,3.28955385933624,0.0001752833940658318,0.0031374713850555605,0.0013401149468445699
247,3.3029806097825105,-0.005770670415722114,0.0006458347136996116,0.000529119402496585
248,3.278287735398565,-0.0033798245559287783,0.00047950280753523126,0.00022400638084075537
249,3.2915601553799356,-0.002728004943340871,0.0003902508789537736,-0.005536274723417122
250,3.267277659732201,-0.000786264767999526,-0.001998907548230141,-0.004184271599791864
251,3.243540838143965,-0.00045969941250003043,-0.0005821172230484471,-0.00029255708363095723
252,3.256515001496541,0.00072934066031453,0.0011305613785381492,0.005955188761591648
253,3.2331615074619044,-0.0001209386928403485,-0.0007717823730205266,0.0024427855918578312
254,3.2459915134438964,0.0028256831586957907,0.0017080887268198397,-0.002163246278215282
255,3.258821519425888,0.0004997376983839845,-0.0038719348363040525,-0.0004066628463442902
256,3.2716515254078797,-0.003941855325899504,0.000743900722246265,3.2341793675698806e-05
257,3.2483883277482244,-0.0015235679320526245,-0.002252678671013801,-0.003145470804044237
258,3.2256308517768226,-0.0012311881409693293,-0.001855398353860638,3.0538248988708914e-05
259,3.203362783890827,-6.111895494402012e-05,-0.0003629729007031841,-0.001415172029659423
260,3.2157789187121093,0.004095950801624093,0.00012090864832948094,0.0033261298719612135
261,3.228195053533392,0.0017174417092857312,-0.0049766972110256635,0.0022212337540143566
262,3.206136601244518,-0.0013162652752789928,-0.0024980168219546914,0.00039154250278954604
263,3.218420649525148,0.00030603549287895186,0.001372897957970149,-0.000542955124053267
264,3.2307046978057783,-0.0040569619033232526,-0.0029209186648180255,0.0003053102602691093
265,3.208852022443394,-0.0031044023578334357,-0.0009556117036331912,-0.00019016810374974762
266,3.2210067649526493,-0.0004163912383491346,0.0018651796366300074,0.004808161269656832
267,3.199482741759177,0.0004850323838489875,-0.0014475908730210197,0.002648275219841696
268,3.211510872367294,-0.0035406598286030363,-0.0008187508103705856,0.0016645251441086938
269,3.223539002975411,-0.0005880334760115546,0.004525562566810851,-0.00013507196713996664
270,3.2022107713816363,0.0028866077168038084,0.0031307393168580585,0.00031172185866475995
271,3.1813178098203876,0.000597981026233808,0.003098448466238956,0.00011844594764118713
272,3.1608469282906793,-0.0005605106537993883,0.0009913643345856964,-0.0022613733207863724
273,3.1725105700924896,0.004025096769954657,-0.0016144608725743251,0.00020423527033872608
274,3.152332469775357,0.0027932073919160073,0.0007989174045788201,-0.0024176929983156506
275,3.16387947515915,-0.0010421149744387081,-0.00239078895921028,0.0001806494337234753
276,3.175426480542942,0.00153687411624305,-0.0018781470562565408,-0.003695650396900571
277,3.186973485926735,-0.0010771123597798382,-0.0013773705110502123,0.00021092362714654394
278,3.198520491310527,0.0006517637746342968,0.0018225592880987648,-0.004077623460686133
279,3.178284650192396,-0.00039908509712905196,-0.0013611209630630095,-0.0014816343885911969
280,3.18971732879021,0.0037154881547851394,-0.0009902483913728922,-0.0006109032145232749
281,3.1697661837861815,0.0005115190338060244,0.0020373975861108684,0.0014324966649867051
282,3.1810867772997033,-0.004837260286453213,0.00010388451498167483,0.00012063484594838018
283,3.1924073708132252,3.7136560491753756e-05,-0.001965853775189284,5.251414743808241e-05
284,3.1726238093332837,-0.0009695929183447505,2.285924051538292e-05,-0.002901883511474932
285,3.183834494171917,-0.00014656538679098274,-0.004466773337501292,-0.001057404151681128
286,3.1950451790105507,0.0027311365325589894,-0.0038279321835793198,0.004215535195889815
287,3.2062558638491843,0.0013051917650813351,-0.00024006055163779152,-0.00033190264887176163
288,3.1865293703350503,-0.0017394712925114543,0.00039426041751353477,0.0005587944455415937
289,3.167178619554519,0.0012214205489697902,-0.0027227720460389054,0.00035690614292995746
290,3.1481929772792805,0.0007242579345687585,-0.0001363087207005865,-0.0016687050741591727
291,3.159086378584745,0.00040707045380636086,0.004630711942621412,0.0012225094262053868
292,3.16997977989021,-0.0015047773774768027,0.0004006461558138085,-0.001365947247383393
293,3.1808731811956745,0.0012012075228811708,-0.001469413926387549,0.002426228302951992
294,3.1619369882721564,0.0005804779147397317,-0.0010960539497349307,0.0008557591619903234
295,3.143351465587963,2.7115690164888293e-05,0.0010633326138070026,-0.0007862556088702117
296,3.125106961668617,-0.0005143439378307523,0.0007916503797296615,-0.00015646951652389948
297,3.1357005445895276,0.0038223789888860416,-0.0017148672354341812,0.0020928218319170903
298,3.1176914536239795,0.0010304009735584646,-0.0007571737565305221,0.0002917409746885421
299,3.128188731245609,-0.0028716559711091153,5.136446687091609e-05,-0.00037771586507697683
300,3.138686008867239,0.0008093557787682256,-0.0012649375506579735,0.00195701089863481
301,3.1491832864888685,-0.0025236818052554043,-0.001061012340842648,-0.001441440336520339
302,3.1312149734428356,-0.0012960072440340437,-0.0006104037918130831,0.0002257167669624799
303,3.141617680995802,-0.0009677673733395302,0.0034974264720479386,-0.003375629241204278
304,3.152020388548768,0.0030826873244283004,0.0013996114397688787,-0.0009402162749783767
305,3.1624230961017346,0.0008940201853483621,0.0010079371527266473,0.0034977036564486693
306,3.1728258036547006,-0.0006623455485682647,-0.002539293666821389,0.0010053922802429867
307,3.183228511207667,0.0020157930583969124,-0.0019397514782796032,-0.0026524310887516044
308,3.193631218760633,-0.0002294269387731387,0.0029534074283486763,-0.0016005985980626343
309,3.2040339263135995,0.0030821394475074016,0.0012655609682468937,-0.0014285591968454026
310,3.2144366338665655,-0.000310618859486957,-0.0017071369633399405,-0.0007385730289577533
311,3.224839341419532,0.0045299106445979,-0.0013419090732224009,0.0009689110513751299
312,3.2063559592495294,0.0023872622606811124,-0.0007485583229161266,0.0003326524708517123
313,3.216665785485058,0.0013820756530697437,0.0037697310582322915,-0.0019698039269917074
314,3.1984183054221753,0.0011428618687166973,0.0035130131010766325,-0.0016882091783930794
315,3.2086368942573897,-0.002533260322559329,-0.0001813745869732923,-0.001409327793993042
316,3.218855483092604,0.0022896974741395525,0.0019602894707367335,-0.00021740852706255461
317,3.2007488607705574,-0.0003380516217681467,0.0009548090525168852,0.0018743435018825781
318,3.2108778128616033,0.003957488020008588,-0.0008240945997569791,-2.724110470500218e-05
319,3.2210067649526497,0.0013004549892831122,-0.0005544624582159172,0.004060828972206504
320,3.2311357170436956,-0.0025775261153029414,0.002213822828290349,0.002147884384121974
321,3.2412646691347415,0.00115577738841014,-0.0009930665169382076,0.0013569192290802897
322,3.2231206332151285,0.00109305666562389,0.00047060332706326974,-0.0003296892161869579
323,3.2052894255010265,0.0009259702505076193,-0.0017308432581316876,0.0027483723792554805
324,3.187763024756396,-0.0015814944789620563,0.0005081744149351508,0.0012430418414276186
325,3.1976322601271585,-0.0014050238964478411,-0.003057455913477149,0.0009470363551964088
326,3.2075014954979215,0.000992036015986392,-0.002451575340897304,-0.002942988733420356
327,3.217370730868684,-0.001736429856037895,0.0011662979045351087,-0.0015502954319652172
328,3.227239966239447,0.0020976967213392323,0.0007762422882543727,0.0004148330789971022
329,3.23710920161021,-0.0016585399099369267,4.571373057524467e-05,-0.0002492087138878768
330,3.2194616705658796,0.0006129468914064948,-0.0027396887335286208,0.0017323024854544729
331,3.2292472683487548,8.751600548182057e-05,-0.0008896769163493467,-0.0015708697789728356
332,3.23903286613163,-0.0016678498431073484,0.0022113927458070446,-0.0006815306556694295
333,3.248818463914505,0.0016934862541065083,-0.001638691820004956,0.00018328130280393027
334,3.2586040616973797,-0.003110544012693103,-0.0008865755065950502,-0.0011395509212478935
335,3.240924200156891,-0.003042666478601546,0.00022069872606587633,0.0016290323190383145
336,3.2506275660256247,-0.002861504484881469,-0.0029795636979922544,0.0013239955050065259
337,3.260330931894358,0.0004234804226950514,-0.002041799177094875,-0.0018072007824565383
338,3.2427840119483986,-0.00044122813617959033,0.00011557320822622913,0.0007396133112714435
339,3.2255271237370833,0.0017906666916252597,-0.002808239641463705,-0.0019317716558711821
340,3.23507010339311,0.0013561795513610953,0.001832211003884205,-0.0003355732458033758
341,3.244613083049137,0.00036839776254270326,-0.0019717922177382697,0.000584153072398999
342,3.2274826523551217,-0.0021004147588246395,-0.0006038728141577792,-0.0013579746166022429
343,3.236947410866427,-0.0016571285722533071,-1.4739972424391423e-05,0.001828084452292499
344,3.246412169377732,0.002353820125664354,0.0013976950847898516,-0.0006081281047159785
345,3.2558769278890374,0.001041090114938313,-0.002240411214788322,4.188330264561811e-05
346,3.238794193014974,-8.032875628163151e-05,0.00036009061942689175,-0.0013796269535500526
347,3.221986986122751,0.002252167757077993,-0.0010884029592559288,-0.0013002856586412366
348,3.2312990872387126,-0.0017025140744375826,0.0012991892830618338,-0.0011466055084126347
349,3.240611188354674,0.0030242649236425596,0.0001963261297521246,-0.0010644106903549887
350,3.249923289470636,0.001972553817272556,-0.004334433617188642,-0.0006856822936382726
351,3.233161507461905,0.001028629408541652,-0.0025404735516302494,0.0010536809343230477
352,3.242399111768939,0.0004776096286700985,-0.0024210199404520708,-0.0019077497009013478
353,3.2516367160759727,-0.001634188004610596,-0.0005146997692168709,0.0017031492782530477
354,3.2608743203830066,-0.0006940575652957241,0.0030182412044679058,-0.0014133865148728058
355,3.244158655446469,0.002061805786222226,0.001340086716548967,0.00034465291072520785
356,3.253322945433606,-0.0011512930597434943,-0.002124516235418241,0.0001521569281508216
357,3.236798359551288,0.0006731000877036944,0.0006562240172878598,-0.0011962151972943478
358,3.220531970323382,-0.0019611494445617825,-0.0019007493586662434,0.0012096583100945735
359,3.2295530682794698,-0.0013088616603694372,0.0019242406828050148,-0.00020270449490986827
360,3.2385741662355576,-0.0008007938206234266,-0.001504179758754722,0.0005549419248542951
361,3.2475952641916455,0.0023731199260221005,-0.0014890624389100593,-0.0012451635706380926
362,3.2313712740690685,0.0014170669386330194,-0.00015900806991209261,-0.0002607576664528507
363,3.2153968837945315,0.0013404942998827226,0.0012216392378205116,0.0015215715418460567
364,3.224279195628218,0.0005800826635951924,3.270215135592214e-05,-0.001799193536877073
365,3.233161507461905,-0.0023208552877382817,-0.0029184905775883323,-1.827009584444561e-05
366,3.217295393194098,-0.00013209472002458582,-0.00171793276148444,0.0017809465787659415
367,3.2261099011206573,0.0007902147840898217,0.001897394969345508,0.0009315792292581105
368,3.2349244090472165,0.00021468925196464465,-0.0018705896915974982,0.0005431655261517377
369,3.2437389169737756,-0.002099810345063569,0.0012060382964730115,-0.0004947563408901613
370,3.2525534249003347,0.0009716558809048554,-0.0007584636558168088,0.0009770610066927327
371,3.2613679328268943,-0.002114179881024087,0.0008682838205352752,-0.001821227238653508
372,3.245408331353806,-0.0014766307915134718,-0.0006046138074303997,-0.0004300807095794271
373,3.229688723887832,-0.0011608458903291485,-9.61396763628727e-05,0.000529562062200624
374,3.2383706828230143,0.0025422682338891514,0.001188382540782487,-0.0010787196280792664
375,3.2470526417581964,0.0005151505452188549,-0.0026655455780131144,-0.00040494078911253075
376,3.255734600693379,-0.0024907476344621948,-0.0010060067729646745,4.2087018307289616e-05
377,3.240055242019393,-0.0011873170971231804,0.0004970978950717637,-0.0020876217099496837
378,3.248672410216253,-0.0008610504406306941,-7.258163012507732e-05,0.001012920802012053
379,3.257289578413113,0.0001223218722714421,0.0029279692626983955,-0.0015371796165916914
380,3.2417148447832327,-0.0020106674485167934,0.00047149632501067735,-0.0014979847819105339
381,3.2502681821045605,-0.0008580534081341391,-0.0023415988058660135,0.00047802238813273004
382,3.2588215194258883,-0.0008376468415832455,-0.000918292415226846,-0.002526068501979806
383,3.267374856747216,0.001806566719201175,0.0016531566061701846,-0.00024152518469476954
384,3.251840486759216,0.00033285308988176737,0.0013000925437785663,0.000176517666642022
385,3.260330931894358,-0.0013339766924845668,0.000551319239442224,-0.002491654808397969
386,3.268821377029499,0.0012884946702108643,-0.0007678872948302896,-0.00023305860919414691
387,3.253389838061249,0.0010798767436527284,0.00038842343445060303,0.00013443055592320883
388,3.2618183091443096,-0.002576888795683483,-0.0015801673571726722,-0.0008154057552415806
389,3.2465493397909393,-0.002133612071387627,0.0004979252471347541,0.001702200546382363
390,3.2315000678383377,-0.00034296102414285273,-0.0005937045568135703,-9.702790407019444e-05
391,3.239807265956174,0.0023591664838661904,-0.00031119826060764527,0.0025437046624330827
392,3.24811446407401,0.0020779846342998875,0.0006081082605389008,-0.0011252613731461295
393,3.2564216621918463,0.0010615849972062873,-0.001100863283104637,0.002430295966095118
394,3.264728860309683,-0.0029118143962878202,-0.0005986490656097707,0.002164807636221609
395,3.273036058427519,-0.0010389059088989395,0.0018192108625559617,-0.0008778397566985901
396,3.2579050904271742,0.00034634902367417343,4.25038715883011e-05,-0.000778012574288058
397,3.242988746086409,-0.0017646245373840823,-0.0005221288577505717,0.0006676043166521166
398,3.251178111606829,0.0008559008452887488,0.002062798894148966,-0.001416174084520615
399,3.2593674771272494,-0.00031219615566061297,-0.0016873283898238705,0.00031664109111709645
400,3.244545878967052,-0.000182485363882232,-0.00041751716119280884,-0.0008375483498542047
401,3.2299315758860185,0.0012672863505866431,0.0012189717242323934,-0.0006301816287834846
402,3.215520249236666,0.0003369129929222667,0.0009425022150821446,-5.0719170120809435e-05
403,3.2235390029754107,-0.0022306100945963334,0.0005901996229178733,0.001841040723940988
404,3.231557756714156,-0.0020610853439302335,-0.0011626091107948865,-0.0013684065154454968
405,3.21723460348426,1.5315706615774643e-05,-0.0007804469079826955,-0.0004084065288029372
406,3.2031076578328554,-0.00021395746496198365,0.0006826443190736699,0.001148167170006901
407,3.211016565629974,0.002231872159466871,-0.0018350710483142816,-0.0009340591746905681
408,3.218925473427092,0.0011689050012871763,-0.001834373991409556,0.002863106012266512
409,3.22683438122421,-0.0006755519049533686,-0.0006009595794976494,-0.0006283793585440654
410,3.234743289021328,0.0019299604956751195,0.0013834213476860942,0.0018044644092154504
411,3.2426521968184465,0.0009119754210804894,-0.0014647539069301558,0.0013785713770858563
412,3.2505611046155645,-0.0029967331551778225,-0.0009330915632996893,0.0006300796206063249
413,3.258470012412683,0.00016303760278928996,0.00025762988155404623,-0.0007278265493787459
414,3.2441586554464688,-0.0016839812775169987,-0.0013922335627682817,0.0005923937887542596
415,3.2520137611497293,0.0013842384666933175,0.0003811273861431394,-0.0009244867928470227
416,3.2598688668529894,-0.0011717076708668644,-0.0007549874809797033,0.0006179811339009934
417,3.2677239725562495,0.0011987687353973322,0.00033522851375476716,-0.0022340360367221032
418,3.253446787190189,-0.0007174834918253988,-0.0013179083704767545,-0.0016745070683891745
419,3.2612488178549133,0.002017856403162477,-0.0003083027245086003,0.001133394012781717
420,3.269050848519638,0.00024860247402240347,0.0020123900872007603,-0.0014392633570990433
421,3.254860577981783,-0.0004480317326459351,0.001903193965414236,-0.000591506099638052
422,3.262610246024597,0.003444459206826842,0.0014218891803615896,-3.856616690881183e-05
423,3.2703599140674107,0.0031090359064302317,-0.0014929301428503606,0.0014561413366772607
424,3.25625551822949,0.0019830851580194112,0.00022114655908541701,2.9508522820073028e-05
425,3.242337935581475,0.0008045750196732593,-0.0009711624845057972,-0.0011484576199236273
426,3.228603479020934,-0.001311161470902432,0.00039870389799485294,-0.0006379208620559437
427,3.2362001930892186,-0.0009789997299628713,-0.0026011449322854777,0.0013032780661595626
428,3.2225956201826174,0.000637522238553425,-0.0004234519406006632,0.0006216349241251743
429,3.2301426825249653,-0.002358709685022402,0.0007988504352306161,-0.0007371455945208422
430,3.2376897448673136,0.0008716697530808826,0.0001806553786830065,2.613266280086022e-05
431,3.2452368072096616,-0.00029193120828678663,-0.0034644036319952513,-0.0010799535225024146
432,3.2527838695520095,0.002070113554071649,-0.0021992493804798363,-0.0005662099727630719
433,3.260330931894358,0.0018677731947639603,-0.001288148005705336,0.002192401416194472
434,3.2678779942367058,0.0017566140580184569,0.00042051655565045556,-0.0006099225176697999
435,3.2754250565790537,0.00033728209159524154,-0.0005282392561459598,0.0026247928475194786
436,3.2829721189214016,-0.001280057297927185,-0.00027377030312533874,-0.0005570418482555593
437,3.29051918126375,3.719906527048565e-05,0.0032059680790979357,-0.00046716268135392464
438,3.298066243606098,-0.0029248191290505037,0.0030208645373749855,0.0007390523810552335
439,3.2841482844812484,-0.0027572222151465067,0.0020166415201120216,-0.0013693125416085535
440,3.2704099119257513,-0.002012327407132492,0.00010106587679547933,-0.0009316057951419404
441,3.277859592818521,0.000560943336609507,-0.0013652529482455506,-0.0004884235726930894
442,3.2853092737112903,-0.0010415060067470079,0.0015006622751596265,0.0011092795098114683
443,3.2927589546040594,-0.0002042998689245206,1.435486971114067e-05,-0.0021164659800525154
444,3.300208635496829,6.806418712203564e-05,-0.003352672654345655,-0.002081153243628805
445,3.3076583163895985,-0.0013246016954061403,-0.0010675036215516014,-0.0020575638018221153
446,3.3151079972823676,0.0016060812014741363,-0.0005441500117807654,-0.00011184615129848734
447,3.3012592315201683,0.001564193572232072,0.0008146178764154311,0.0008014742882735279
448,3.287586883156213,-0.0005920986356261661,2.7271017028677293e-05,0.00025067566225483914
449,3.294941663655444,0.0015031904759913413,-0.00233844011042224,-0.0001541136524585531
450,3.302296444154675,0.0012986506937155621,0.0002556333304753479,0.0011605468018082588
451,3.309651224653906,-8.191556704731552e-05,-6.414468717197564e-05,-0.0015542989469975095
452,3.317006005153137,0.002255891818218835,0.0009813974912509247,-0.000109597071254021
453,3.324360785652368,-8.152083215968822e-05,0.00030963133336041755,0.00015121954839160485
454,3.331715566151599,0.0018126379110772314,-0.0021106546605558917,-0.001969014302489347
455,3.33907034665083,-0.0005924623895962606,-0.0020242287852425627,-0.0011876352938917302
456,3.3464251271500607,0.002697494233560956,-0.001285283517517036,0.0004526818856685464
457,3.3537799076492916,0.0009195108058133967,0.0012081872939030652,-0.00020694194052542827
458,3.339861683793152,-0.0004493322274791939,0.00019441754124373213,0.0018197973710677238
459,3.347169915048717,0.0006597735961213495,-0.0007867776459776973,-0.001121857086891619
460,3.333380799472179,0.0002496926411992154,-1.1942488480989889e-05,-0.0008909122271146124
461,3.3406430670091556,-0.002052608001165738,0.001889181685144362,7.706422806850795e-05
462,3.326980926205219,-0.0001106432024999021,0.0009229100824118076,-0.0014442449256516698
463,3.3341978045700893,0.001588204072760014,0.0006385739830567328,0.0010889357256846169
464,3.3414146829349596,-0.0006441870678457303,-0.0001762172615099273,0.0007342565022907643
465,3.3278326075029363,0.001405661091635982,0.0006761307296347849,-0.00023513938352791024
466,3.3144182120145187,0.0009491028118169367,0.00017402985247384433,0.0018569897271679735
467,3.301168410335775,-0.0005910066781970426,-0.0008467839039129933,0.00044271095511605414
468,3.2880801916043323,0.0005059084623314611,0.0011778843936312415,-0.0011094131068117303
469,3.2751506179484227,-0.0001693482613261283,-0.00041909787024379527,-0.000345662724005275
470,3.2821488030295094,0.0012380443855697885,0.00012240994796679949,0.0022095280901415996
471,3.2891469881105957,0.0002192471169581826,-0.00025782699053823673,-0.00018067993492235025
472,3.296145173191682,-0.0009991717815315889,0.0015336313262428122,0.002582566552208667
473,3.3031433582727683,0.00014474547726185422,-0.0012649306100629366,0.0015298474913349172
474,3.3101415433538546,-0.0031504338974769467,-0.0003950514671136716,0.0015076254620231889
475,3.3171397284349413,-0.00071690412638375,0.0004746326388415276,0.000648505232755476
476,3.3241379135160276,0.0022154189206700214,-0.0007195616993996404,-0.0011113151725807991
477,3.331136098597114,0.0018226914590002343,-0.00047590580348018,0.0009890613742971112
478,3.3381342836782,0.001192912905020951,0.0014073693499712674,-0.0012473860672088885
479,3.3451324687592865,-0.0007751863993350024,0.0007985037576973171,0.001076435154811699
480,3.352130653840373,0.0008253445044906293,-0.002223041323933304,0.0003667367885540546
481,3.338893123024342,0.0007294023298524805,-0.0005454658728167041,0.00010541282672577173
482,3.3458491503639762,-0.00043445851331802956,0.0012241614794367276,-0.0026667894958118297
483,3.35280517770361,0.002070224813478634,0.0004422045179968344,-0.001671761758213044
484,3.3597612050432444,0.00012347881824532536,-0.0012679199643340123,0.0007802380984527546
485,3.3667172323828782,-0.0006568676401063459,-0.0006719588676212705,-0.0013496950336436117
486,3.3736732597225125,-0.0005603135428016649,0.00014027557500574574,0.0007300849582290976
487,3.3603859979180615,-0.0001770393285035204,0.00011570667601131596,-0.00036868611173231894
488,3.3472569178017593,0.0006234819048411267,-0.0008705641257643335,0.0005754905505871437
489,3.3342832114146437,-0.0005416169745471759,0.0006955075851203064,-0.00029826365920621034
490,3.341115758979018,0.0018961321297807847,-0.00015800841829316232,-0.00013267820774401283
491,3.347948306543392,-0.0008435719978844364,0.000907710176985623,0.0004795878796448921
492,3.3547808541077666,-0.00048216865942158656,-0.0016353780706997159,0.00014978246868652478
493,3.361613401672141,0.0004701332779448207,0.00043062797945213083,-0.002211010501226449
494,3.34863156129983,-0.0009988616180032464,-0.0003169118781073907,-0.00169586762491427
495,3.335801555317838,0.0004875014320305584,0.00011374529881229169,-0.0010600544854739407
496,3.323120735451916,-0.0012081889947297257,-0.0008908915636580588,-0.0005656104412788835
497,3.3298341106750513,0.00036416802280398,0.0003045950993900023,0.0019243276621023426
498,3.3172610842455956,-0.0012789785598981533,-2.6312365846535017e-05,0.0003825342092421653
499,3.323935653831603,0.0015231556493420098,0.0015179327395899434,-0.0009440900437285224
500,3.3306102234176103,-0.0001111846183054428,0.0004663985999465694,0.0011623945827481926
501,3.3372847930036174,0.002909537180855311,-1.1991340557163537e-05,0.0007911048260573709
502,3.343959362589625,0.0021865934375092364,0.002286698764280844,-0.0006293569939657028
503,3.350633932175632,0.0008237387510258039,0.0020842352735570197,0.002465075855678557
504,3.357308501761639,0.0005697289096183931,-0.0007945489545924019,0.0013353533758605665
505,3.3639830713476466,-0.001205032622193265,0.0019400875464254644,0.0007097503579451573
506,3.3706576409336537,0.0006341215604750586,-0.0007638823460104961,0.0006262520681981131
507,3.3579222552867893,-0.0008607970571003721,-0.00039381204488197504,-0.00040294855494234775
508,3.3645584652774745,-0.000351752873089467,0.0020567285693309017,2.4543342981264134e-07
509,3.351930705695199,0.0012745910682896435,0.0008138976827099085,-0.0006163596125589512
510,3.3394464433809037,-0.0002548893791763837,0.00044601699289919535,-0.0002013042653598407
511,3.3460072418944224,0.0001365708785072456,0.00019726496522441014,0.002375700327227084
512,3.3525680404079408,-0.00021524545210484448,-0.00017882506186297768,-0.0008102809527867245
513,3.3591288389214595,0.0011429144767135218,0.0019291538645676758,-0.0008035023389173729
514,3.365689637434978,-0.0004710179288482591,0.00025714811091842355,0.001306812270781138
515,3.372250435948496,4.355049549479516e-05,-0.0018760454103162172,-0.00042908038882347605
516,3.3597219054537546,-0.0009856520748913109,-0.0004367598263239496,5.209087329627531e-05
517,3.3473341449645724,-0.00021213610693456876,-0.00017127101171752243,-0.0002408058053427659
518,3.3350847952071123,0.0008953983478865352,0.000437996138784799,-0.0001992494015569176
519,3.3415356362036444,-0.00043460834598322396,-0.0016858737371681799,0.0005936571978857213
520,3.3479864772001764,0.002071207042864455,-0.0011831094774466871,-0.0007363277445330351
521,3.335801555317838,0.0001791117951141255,0.0003900018369639023,-0.00018081470733912332
522,3.323751273456299,-0.001691316101001321,-0.0004945733807680251,0.0009856182203556486
523,3.3301308344418197,-0.0016828021793159078,0.0023242556286667804,0.0008210008780209716
524,3.31817792072719,-0.0002663280353375439,0.0018190271863540444,-0.0005487375187267557
525,3.324522429179823,0.002682057029290068,0.001305549104806081,0.0005086348424533265
526,3.3308669376324564,7.920664994095743e-05,0.001074423879972574,-0.001169805398511175
527,3.3372114460850897,-0.001019914901997535,0.0003286447079703326,0.0007293273325330167
528,3.3435559545377234,0.0010849841553494744,-0.00017553080974238387,-0.000864959777757392
529,3.3499004629903566,0.0005693078249618674,0.0022858185826117546,-0.00020537633062529213
530,3.35624497144299,0.0001216806997420777,0.000984546244954375,0.0017069332626416462
531,3.362589479895623,-0.0005324492169657433,-0.0017948240991410753,0.0011533976007423027
532,3.3505245130020906,0.00020389934719335068,-0.0009409159296109734,-0.0002396807527218492
533,3.3385906870530535,-0.0007707982066727288,-0.00010121599365873755,0.0002985303039632484
534,3.3448662334572887,0.001503616372121865,0.0009971298421095392,-0.0013531318485817574
535,3.351141779861524,0.00030852732972683656,0.0009576543091150047,0.0009942861807821892
536,3.3574173262657587,-0.0024034497861225245,-0.0004000205369827635,0.00018369734049578754
537,3.3455107490339397,-0.0022989304647315694,-1.3986344186550637e-05,-0.0015632163759922095
538,3.333732199514291,-0.0017821862313588312,0.0011440747655191564,-0.0010010036278709587
539,3.322079623786296,-0.0017140780933900073,-0.0001143351405935971,0.0006187634880543775
540,3.32825449297549,-0.0011238305146073946,0.0020343920244985858,0.0001483441257192831
541,3.3344293621646837,0.0010973477897407969,-7.073544085531687e-06,-0.0005894975457319197
542,3.322835059910506,-0.0007189918145510383,0.0008915138335157693,0.001077450514722682
543,3.311363448685473,0.0005612110902549033,0.0002333042119219744,0.0005483286152576546
544,3.317472975343564,-0.0019307033551900674,-3.902854929107421e-05,-0.00015551994431103552
545,3.3235825020016554,-0.000994409278080508,0.0019311759872324,0.001846650564375804
546,3.3296920286597467,0.0012948335578198715,0.0012339460158342223,-0.00016131095898858268
547,3.335801555317838,0.00016921604128007975,-0.0007046265094874571,0.0016518753803949635
548,3.3419110819759292,-0.0018656722275133897,0.001592848023708458,0.0014892865960588171
549,3.330399447535947,-5.19651663566526e-05,-4.372989338505298e-05,0.0006386517877179794
550,3.3364768187905742,0.0014068773808787358,0.001934644097085504,-0.0008847605882649086
551,3.325053906327688,0.0013908368903278688,0.0011759358955345514,0.000631979217462515
552,3.331099458884647,0.001057937972345605,-0.0011080155821342238,-0.0002997171077602387
553,3.337145011441607,-0.0015870043231434934,-0.0008697876271006106,0.0007438541787808408
554,3.3431905639985664,-0.0011415337020784838,-0.0001185293487146468,-0.0018505218017549592
555,3.331792178448466,0.00052939978239131,8.013187924992354e-05,-0.000245220541610721
556,3.3205119108833405,0.00043179163479324575,-0.00035217010315334444,0.0009333365908942594
557,3.3264948152272744,-0.0025410206708013504,6.691280496643678e-05,0.0008821273182880474
558,3.315299999367233,-0.0013985189579814304,-0.0005551601189807505,-0.0006100905342222982
559,3.304220002131397,-0.0003641659039170243,-0.0004364289826322413,-0.0005064246792987732
560,3.310141543353855,0.0017154628734645377,0.0002012018576697058,0.0005516094176503127
561,3.316063084576313,0.000387718718013138,-0.002192366798089431,0.00042057426401232383
562,3.3050357246467357,-0.0005205887197049913,-0.0007357596032042336,-0.00038306939745409014
563,3.310927053924181,0.0015443432775912376,0.001314192983136231,-0.00036950589371641246
564,3.2999817416625317,0.0010904541404081233,0.0012527946138563722,0.0011997683398979851
565,3.3058431657152183,0.0008314110864478224,-0.0005390595545046973,-0.00038249727614729604
566,3.311704589767905,0.00044553762289596693,0.002376829464696717,-0.00013602761073061806
567,3.3008106299124065,9.165236575000801e-05,0.0014860246729613703,0.00044783362677200904
568,3.3066424508133117,-0.0008681130398970224,-0.00012037884370437476,-0.0019361145142883336
569,3.3124742717142173,8.215398443551588e-06,0.0020618281424986634,-0.0011190310846946677
570,3.3016311876271063,-0.0012013763480562692,0.0009763574073257704,0.0004028806922651803
571,3.3074337028953438,-0.0004761091932991641,-0.0002089404593746267,-0.001784509459227857
572,3.3132362181635813,0.0007860672940509564,0.0016595506678026724,-0.0005549569260719067
573,3.3190387334318188,-0.0003735798995173955,0.0008095628181752228,0.001196727440443864
574,3.3248412487000563,0.0023054152286700567,-3.806147414201794e-05,0.0009673104787527671
575,3.3306437639682938,0.00021226641530966192,0.0007142553490874961,0.00035285069127015156
576,3.3364462792365313,-0.00029064825338282954,-0.0018830366077616685,-0.0007223592191186913
577,3.325537550532245,0.00040947733268529484,-0.0011513001897322092,-0.00042286810856740086
578,3.3313110532241414,-7.912503539307564e-05,-0.001029049186427529,0.001632303880406289
579,3.3370845559160376,0.00020806707880578057,-0.0007273133695144291,-0.0006990792860606669
580,3.3262269239879934,-0.00046833615818381216,0.0006778005482398204,0.0004341161778799254
581,3.315476793366168,-0.0002446683667111144,-0.0008940228217571031,-0.0009280555911944989
582,3.3211931326650754,0.002146666589064466,2.6784081935585856e-05,0.00016161989098993992
583,3.3105207553533225,0.0014331478877243136,-0.0009001702504337174,-0.0011870058576047384
584,3.3162089353453386,-0.0011829131502465074,-0.00011847865915794661,-0.00010819384412254997
585,3.3056133059484463,-0.00013522081447448956,0.00042515300384264257,0.0007640709325042829
586,3.3112736027052074,0.0005974013397407108,-0.001426296822886511,-0.0012551019786894914
587,3.316933899461968,0.0003517331615412008,-0.0013417444033014616,0.0013839232298256381
588,3.3225941962187293,-0.0011673426452485911,-9.70830109800363e-05,-0.000332358870776624
589,3.3282544929754905,-0.0008894378849175783,0.0016763944386063959,0.0012422554210448783
590,3.333914789732251,-0.00035501001891476613,-0.0009386311350765529,3.358411618382082e-05
591,3.323284476311017,0.00035178404319340117,-0.0009138575448078451,-0.0013148820180632925
592,3.312757369816203,-0.0010146892196682682,-0.0005159581181311796,-0.0003816125311417348
593,3.3183627122355195,0.0006430024011400573,0.0018502364736547976,-0.0002828988949811732
594,3.3239680546548365,-0.00162163354913171,0.001211817627658837,0.00032716533101500146
595,3.3134885014361135,-0.0001343478310646525,0.0011424547062703443,-5.869481769174595e-05
596,3.3190667649065446,0.002084917153613522,0.0004911553738472676,9.30801678417484e-05
597,3.3246450283769757,0.0015625075457158784,-0.00027938788724620253,-0.002079171130692512
598,3.330223291847407,-0.00021652047413510284,0.0011765112840724252,-0.0008692091060962772
599,3.3197640478403487,-0.00015161655490984307,0.0009897353321640153,0.0006716346368965636
600,3.3094048922926875,0.0011377906854175375,0.0003902991835062434,-0.0007690393206528978
601,3.2991443953692907,0.0009592466178690198,-0.00044389974841384076,0.0008680497263432136
602,3.3046429693615726,-0.00047479911397561365,-0.00034202235288936686,-0.0011095173528761356
603,3.310141543353855,0.00039391480934069547,0.001074816586098631,0.0006379505045587021
604,3.299926183140705,1.3006600480047226e-05,-0.0004912414293314626,-0.0005317426083242299
605,3.3053986975406064,-0.0017743452457800795,0.0005953537569386319,0.0005796533449921998
606,3.3108712119405084,-0.00028343032212430817,-0.0014401105518804665,-0.00044669729949625014
607,3.31634372634041,0.001410509184718829,0.0007925358376677328,-0.0003935031022553934
608,3.3218162407403113,0.0013878757343130355,-0.001938296399894702,0.00019921716834004008
609,3.3272887551402133,0.0013340823419943893,-0.0007890341791098769,-0.0023937592664809797
610,3.3170406975139826,0.0010643731871104228,0.0008022938163297633,-0.0021873388460689406
611,3.322487398166715,0.0003191620522142318,-6.888873797012981e-05,-0.0004233763318975168
612,3.3279340988194472,-0.0018391644465088185,0.0006465013291983647,0.0006878183033980936
613,3.3333807994721796,-0.0011795732889016528,-0.001050090568013726,-0.0011285826173081867
614,3.338827500124912,-0.0005302710726059472,0.0006830194776902701,-0.00011710033011157896
615,3.3442742007776443,0.00023863219991822213,-0.0006988261837071442,0.001865995028826919
616,3.3497209014303766,4.5284227185669795e-05,-4.008055471250182e-05,-0.0007748518747229059
617,3.355167602083109,-0.0018423657355209433,0.0009419484503760423,-0.0005875045385293436
618,3.3448367707981137,-0.0006714167780832113,-0.0004695173461856605,0.0008029187937817752
619,3.3502579000862793,0.00041244592772337013,0.0012851628958872798,-0.0009438000468705439
620,3.355679029374445,-0.0015079162170031312,-0.0004207196744425803,-6.47524895387554e-05
621,3.36110015866261,-0.0009580362395925944,0.0016791539645601293,0.0014996907081252838
622,3.3665212879507758,-0.0005707154042125851,0.0013225215674004642,-0.0009165251442828836
623,3.35618567697147,0.00027187534049174296,0.0001574762603092368,0.00022424786481317564
624,3.3615814738797845,-0.000359882777022115,-0.002515921969440672,-8.282446451005929e-05
625,3.351316911389084,0.0006159126132695907,-0.0015041033241882942,9.22380888235765e-05
626,3.341147391143668,5.298667255240504e-05,-0.0011361805649652001,-0.001008696705884498
627,3.331071599195445,-0.0011404453503012875,-0.00015149888273743875,-0.0004121223092380542
628,3.336392799833137,-0.000411966336867308,0.0017384899030158936,-5.2205378315736586e-05
629,3.3417140004708297,0.0006075102952392615,-0.0006856914696129504,0.0005970237693761176
630,3.331681828626373,-0.0004691015138496874,-0.00020889829184280806,-0.000151353080394763
631,3.3369786200868283,0.0006703275075652155,0.0010165414629636623,0.0017986400100136971
632,3.3422754115472837,9.166278968280087e-05,-0.0007787076900115016,0.0002921529334081296
633,3.347572203007739,-0.0015198805492984988,0.0013220333060195966,0.0002749518214193875
634,3.3528689944681944,-0.001012595483043049,0.0005504089599589668,-0.0013387811746960116
635,3.342831695581943,0.00012651000056265654,-0.0005075417624468807,-0.001190798113750705
636,3.348104300780022,-0.0012061135105277622,0.0010914238099793184,0.00012195380020393521
637,3.3381342836782006,-0.001153663885012275,-0.00029281683161273424,-0.001192644008417233
638,3.32825449297549,-0.0004187961758023726,0.000197143195104414,-0.0006935264407856298
639,3.3334793822894233,0.0018849384473296927,-0.0011072258867324068,-0.000534968738485761
640,3.3387042716033566,-0.0002726179364218043,-0.0011031860828300203,-0.0003736679474593041
641,3.328866416949194,0.0005327234081108563,0.00032319082790007055,0.0008773966652629612
642,3.334067770725677,-0.00028738118867277377,-0.0015190970028511079,0.0003063188480123359
643,3.3392691245021604,0.0005685072099669492,-0.001213789491819006,-0.0013082133106873742
644,3.32947285281551,-9.375945060506173e-06,-0.00042760916939392723,-0.0012120686211499118
645,3.3346508821355965,0.0017150651190349403,0.0006263913493064874,-0.00023968240061384878
646,3.3398289114556827,0.0007634854849701771,-0.0009513061398627499,0.00025799306458268385
647,3.3300738740758775,-0.0007091327182616786,-0.00015954311684183314,-0.0011319249490119193
648,3.320405548139448,-0.0003570054909278888,0.000871931403753464,-0.0006314476328101916
649,3.3255375505322444,-0.00032397496602465907,0.0005443352485860662,0.0018661600664729755
650,3.330669552925041,9.874984627002096e-05,-0.0014604327151430828,0.0009610477138419541
651,3.335801555317838,-0.0014672896284261005,-0.0010272478268375893,-0.0006502857363304647
652,3.3409335577106347,-0.000888081603459892,-9.348033040352585e-05,0.001072698150940552
653,3.3460655601034315,-0.0007293921825358488,0.0001688839937839038,-0.0013027394928128257
654,3.351197562496228,0.0014735454644146581,-0.0005648115505432567,-0.00113655688706825
655,3.34147854911518,0.0006594998400006792,4.2524647112712375e-05,-0.0007976570225470559
656,3.3318451658079726,-4.967995175133244e-05,-0.0007833727055827609,0.00029336598108737786
657,3.3369319523206564,0.0015122145024413498,-0.0007538869335376665,-0.0003388038945016001
658,3.3420187388333407,-3.736815768930096e-05,0.0004606371841372471,0.0010732511323036326
659,3.3471055253460245,0.00013233347457650713,-0.0017565585336280726,0.0010350115015889544
660,3.3521923118587083,3.237360733543686e-05,-0.0014856858450881224,-0.0005649617680041349
661,3.3425541900452025,-0.0005871699703968939,-0.0001297750088376403,-8.263820479695236e-05
662,3.3476186660907254,-0.00016470669755974681,0.0014623528018084294,0.0004720981651896121
663,3.3526831421362484,3.793904412964374e-05,-0.00020101070585460038,-0.0002714755345194627
664,3.3430849648272654,-0.0011499240695452635,0.0001810211491309361,0.0010816459813413855
665,3.3481273252568693,0.0006558219252347425,-0.001488116872794568,0.0005458156423260611
666,3.338590687053054,7.022682995330992e-05,-0.001100631876775859,0.0004938159370319541
667,3.343611124176442,-0.00014441732765089102,0.0012691291959927645,0.00048776490688895885
668,3.34863156129983,0.001389868147410729,0.00018636815445831768,-0.00029806646634613146
669,3.353651998423218,-0.00044502006205126573,-0.00048596394082046056,0.0011449517631788554
670,3.358672435546606,-5.898653437636398e-05,0.00044949669730335435,-0.0006803276315945025
671,3.363692872669994,0.0017963085248279575,-0.0002181620345455491,0.00033010875665582243
672,3.354130135292112,0.0006855636036154337,0.0008029963496644398,-0.0007781465679488938
673,3.3446498353054186,-0.00016703859390499007,2.399393790102193e-07,-0.0006925831378120844
674,3.3496269927984326,0.0015678377825913794,-0.001636640785558566,-0.0006127726514081807
675,3.340206707586333,0.0005574496637760384,-0.0010998425645706402,0.00023042717507858494
676,3.34516250388839,-0.00011718340784580561,0.00013004043272969796,-0.0015488675799719424
677,3.350118300190447,0.00019706184696393787,-0.0020837783253844938,-0.0010646378959316733
678,3.34073617300322,-0.001031742187575808,-0.0017955267122985279,-0.00012539176819026943
679,3.331433893706947,-0.0008837089785129682,-0.001119854823350403,0.0005808657964518221
680,3.3363475130191995,0.0013045737545389752,-0.0008882078781364218,-0.0006725010979598708
681,3.3412611323314514,-0.0003409210207149807,-0.0007729590435847731,0.00032430049921336376
682,3.3319960450689425,0.00038795238964149485,-3.365324091319333e-05,-0.00019496773171186394
683,3.33688884396038,-0.001287077635449907,0.0004603512648200404,0.0009196054665957541
684,3.32768129836721,-0.0003773742258213605,-0.0007495894444808347,0.0007475902696215935
685,3.332553452537587,-7.935464814631911e-05,-0.0005302777669362055,-0.001134545579274378
686,3.3374256067079635,4.356374703964634e-05,-0.00011244297474499966,0.0010249731625009766
687,3.32825449297549,-0.0011066283751676276,0.0013128481280705352,0.0007958914612835095
688,3.333106175909857,0.0004187466012898024,0.0001510179013992042,-0.00034026400948461064
689,3.3379578588442236,0.0002064423790934009,-0.00028738330087817724,0.0012128282916329144
690,3.34280954177859,-0.0006112398232104209,-9.114041607903345e-05,-0.0007964518625117594
691,3.3476612247129567,-0.0003230998533742583,0.0015001614001107953,-0.00021695958617202473
692,3.3525129076473235,0.0010327218881646112,0.000837991032190984,0.0015648303933434912
693,3.3433170399934817,0.0006092884879629749,-0.0004504224729918922,0.00046387232039798423
694,3.3481484229992526,-0.001391555111634491,-0.0002695417163662399,-0.00038249320939648764
695,3.3529798060050235,-0.0007486608426231841,0.000978309663667717,0.0012525567327209934
696,3.343820309056583,0.0001566144336749818,0.0004057387509039061,0.0008934475596557523
697,3.34863156129983,-0.00038005763397255923,0.00036553663407671227,-0.0009825494551757865
698,3.3395281130719434,-0.00035298444306112694,-9.490791759479482e-05,-0.0007135052098130961
699,3.3443194016129363,0.0005676667909037797,0.0014786479319879534,-0.0005187361901254802
700,3.3491106901539287,0.00012735188529979766,-0.0008678083151673165,2.319255421816784e-06
701,3.3400428796094057,-0.0006614748722352236,0.0005098891806602908,-0.0001835520901446438
702,3.3448143694374193,-0.00028015185438689253,-0.00107364718474959,0.001517469693875227
703,3.349585859265433,0.0015021314270219916,-0.0008887888129898466,0.001098752341085994
704,3.354357349093446,0.0011372782162691606,6.94872226256255e-05,-0.000933043797652932
705,3.3591288389214595,0.0007857836697657608,-0.0022015476339389316,-0.00014115061689171687
706,3.350057117520051,0.00011868398867731123,-0.0008287937791498697,0.0006901801536863415
707,3.341059754490786,-0.0012527464860271225,-0.00043580428112901127,0.00041027031577224165
708,3.3457921337464382,-8.108198562381212e-05,0.00043912871512571434,-0.0012616568461520678
709,3.3368489027449395,0.001285366599093424,0.00036843011794923626,-0.0004804741479735765
710,3.3415619661668954,-0.00026903935626947545,-0.000668447161124322,0.0005477316281835681
711,3.332672285566133,0.0010972629464850723,-0.0005817655434184693,0.000337140038899994
712,3.337366190193691,0.0001542921209019927,-0.0003781507479161229,-0.001714229798148779
713,3.3420600948212487,-0.001905919464638459,2.8818931199225992e-05,-0.0010372404944143483
714,3.3332043881150057,-0.0008405807688355082,-0.0004607757661520368,-7.80117876714643e-05
715,3.3244200983983294,-0.0008156249941319485,0.00024529922890306245,0.000344427820615009
716,3.315706365225562,-0.0005065866148092591,0.00022270693936192067,-0.001040484761036711
717,3.320343716785318,0.00017232113248528386,-0.0003568254712484955,0.0006956597080613428
718,3.324981068345074,-0.0012814464291131134,4.8840595511284985e-05,0.00028409236146380746
719,3.316299946225211,-0.00021875138909459586,-0.000652135492587076,-0.001008232485420345
720,3.3209187483787277,0.00030503261068574265,0.0007449055376259617,-0.0010055001912895247
721,3.325537550532245,0.00011498850503044779,-0.00048018989153779233,0.0008486776894917697
722,3.330156352685762,-0.0018284236902270426,-0.0001496029171112451,-0.00027358214013010096
723,3.3347751548392788,-0.0013808633319202807,0.0006476853963303382,0.0018396084246674017
724,3.339393956992796,-0.0008449271846452086,-0.0007952460742581898,0.0016963687027070175
725,3.344012759146313,0.0011020560012753662,-0.000735753066265183,0.0016770436521557064
726,3.34863156129983,0.0005698402170878223,0.0007750239833590961,0.0007336848671206447
727,3.353250363453347,-0.0015826329389532308,0.000770551010233881,3.521083391702609e-05
728,3.3578691656068638,-0.00032345645854461137,7.40204397615093e-05,-0.0016528419427834175
729,3.362487967760381,-0.00023655122886644852,-0.001854627966940265,-0.0011548836226496864
730,3.367106769913898,0.0015553740985706152,-0.00125391875874184,-0.0005404060309491042
731,3.371725572067415,0.0003908473617456649,-0.00022135825583406192,0.0011526936999652197
732,3.3628928030088963,-0.00075254988971699,0.0010864646998640733,0.00039580218603817445
733,3.3541301352921122,0.0001833179371134451,0.00030757211289559146,-0.0007609128653014108
734,3.3587122802856806,-0.0003307918071612001,-0.001580375253692642,0.00019270015806504903
735,3.35000077142439,0.0001275485034523393,-0.0009202702493391229,-0.0011482752005899089
736,3.3545648051729247,-0.0015746740653648367,0.0005476129228733051,-0.000671330435996866
737,3.359128838921459,1.6909432221057048e-05,4.1068740878369634e-05,0.000704217338271223
738,3.363692872669994,-0.0018739232569363056,-0.00029228330816842335,0.00022572304150443833
739,3.3682569064185284,-0.0013256686862680347,0.0011006649365371103,-0.0010486482647392799
740,3.372820940167063,-0.0005486829469184428,0.0005138277999669818,0.0006667148692370668
741,3.3773849739155977,-0.0003150150598313893,-0.0010601699785842823,0.00041063018841558163
742,3.368634247791439,-0.00022669804453042736,6.495677261814717e-05,-5.8823663934080446e-05
743,3.3731803129031683,0.00042556057266336677,-0.0016667726475649047,0.0010523536785143764
744,3.3777263780148976,-0.0012689482639273322,-0.0008831148608079559,0.0009595850841165813
745,3.3690086296241692,-0.00032859159004085703,-0.0005047459679526262,0.0008970427044583571
746,3.373536867029578,0.0010165768901243709,-7.754569032763538e-06,-8.779358381465346e-05
747,3.364869537620788,-6.579738743069051e-05,0.0012344636060148578,6.303023254075332e-05
748,3.369380086598832,0.0006358007975494,0.00095306277582226,-0.0015040890026659763
749,3.373890635576876,-0.0009868798007854045,0.0008067334426983784,-0.0007420198407301471
750,3.37840118455492,-0.0003402894290901327,-0.0009087710834790869,3.7794943779328646e-05
751,3.382911733532964,0.00042371369387311195,0.000859764866781469,-0.0004361532951551339
752,3.387422282511008,4.588626908555098e-06,0.0002811948505838437,0.0016066423602208717
753,3.3787346492653594,-0.0008494415749133468,-0.0003217833633315448,0.0009167980817488506
754,3.3701143620138625,0.0004026803545417432,8.462897051404065e-06,-0.00037270483119312275
755,3.3745899454959525,0.0002269762177449209,-0.0007475838842953501,0.001206770299428491
756,3.366018943924074,8.845820328450686e-05,-0.0002644602506167821,0.00032536101253542043
757,3.3704772471610593,-0.0013246095637783786,0.0008730856119224981,-0.000652198434989616
758,3.36195502905036,-0.0006333993255409683,0.0007821129385718048,-0.0005578056479012043
759,3.3534981152929992,0.0005390534641053717,8.243258397209388e-05,5.0440569244058356e-05
760,3.35792225528679,-0.0014042543100642674,-0.0006306856704735717,-0.00020053081013817148
761,3.36234639528058,-0.0006255903794180695,0.0008560004330653193,0.0010779079482385791
762,3.36677053527437,0.0007172294391307414,-0.00022516715448926437,0.0005694452114916103
763,3.3711946752681605,0.0005445954906702855,0.001169846735092822,0.00042940420460191325
764,3.3756188152619506,-0.00024423461517080646,-4.497520530982618e-05,-0.0008871267543536429
765,3.3671420279456044,0.0009621043682296121,0.0008998830736473402,-0.0004297609848316028
766,3.3715492819088837,0.0009612952812444746,-0.0004181985845894014,0.00015230756844999543
767,3.3759565358721635,8.254191472056817e-05,0.0007995814014489332,-0.0014448316097433152
768,3.3675106955775136,-0.0008399981655774141,0.00028272519736646735,-0.0002657151707255568
769,3.371901191921161,0.0007761502713003871,-0.0003733317216982309,-0.00019220690202903694
770,3.3762916882648084,0.00024472145717977786,0.0003235604212869399,0.0016078933372618601
771,3.3678765702728173,4.5570035328366045e-05,-0.0002578990344451273,0.0015902004623908352
772,3.359524962605295,-0.00013105849409233929,0.0008266899085001274,0.0009052366235539803
773,3.3512361489803846,0.0008579109320628949,0.0008151078791419393,0.0006725500618684101
774,3.3555771284479756,0.00038208986538754635,-0.0011693825119488469,0.000291856814166551
775,3.359918107915567,-0.0012541381990698985,0.00014122172976033508,-0.00029556055405354945
776,3.364259087383158,-0.0011069640683597822,-0.0004462157009055007,0.0012807658474604667
777,3.3559835871996233,-0.0006257173297800891,-3.1983851143668534e-05,0.0008543437545163756
778,3.347769844480144,0.0005679052128349017,0.0005296767368030429,0.0003385419238280674
779,3.352078428578574,3.2597012477609156e-05,-0.00015430873775265652,-0.001265693606425097
780,3.343909737536941,-0.0003329361277020281,0.0007491282343261032,-0.00038306487818009523
781,3.348202304594113,0.0009555965571265213,-0.000874959906957365,-0.0002554365885025665
782,3.352494871651285,-7.4006762551285975e-06,0.0005132036706086848,0.0011021192980248805
783,3.356787438708457,0.0018442443397824985,-9.876390695479253e-05,0.00012156660336423648
784,3.34863156129983,0.0018127722901919846,-9.011873033700994e-05,-0.00032025938474519126
785,3.352908229960494,0.0008667149378659589,0.0011049379687645762,0.0011293221746796354
786,3.3571848986211577,0.0004076151666342061,0.00074582404867974,-0.0003178524705588432
787,3.3614615672818218,-0.0007885136276369566,-0.0005652399377539593,4.2657897936294095e-05
788,3.3657382359424854,0.0006198849716937524,0.0002004223153663379,-0.0007959147445084286
789,3.3700149046031496,3.0465423756922253e-05,-0.0016924079462073067,-0.0005441336588363294
790,3.3742915732638132,-0.001422014385181153,-0.0010563125357982363,5.20983380152773e-05
791,3.3785682419244774,0.00042072942379968914,-0.00023335601180460264,-0.0005000488501252443
792,3.382844910585141,-0.0005238344831164233,0.001336588331601872,-0.00012721637361864759
793,3.387121579245805,-0.00019253673950913724,0.0003934756677116517,0.0017402004973002762
794,3.3788838632278475,0.0002536720364419544,-9.283878568691945e-05,0.001620862913440407
795,3.370706718651198,-3.0176899945452643e-05,9.36864830797966e-05,0.00047187745062448894
796,3.3749519412187685,0.0014716125192782495,-0.00011819893739951667,-0.001030856234207865
797,3.3791971637863396,0.0006572384508310004,0.00011428631749781123,0.0003819279276118659
798,3.3834423863539103,-0.0006261344687763265,-0.0015176083066751364,-0.00012134766328966775
799,3.37527849680089,-0.0003265417954557664,-0.00043913604879886785,0.0006031034600947611
800,3.379508169102645,0.0014276678235392798,0.0004631615061517773,0.00034210834209045404
801,3.383737841404401,-0.00018623769231678792,-0.000183385371462829,0.0001748260816021707
802,3.3879675137061565,-0.00012248883195806692,0.0013218514241644696,-0.00130460858293262
803,3.3921971860079116,0.0004203696981466141,0.0005867351774070128,0.00028913134556752786
804,3.3964268583096673,0.00015685070411088528,-0.0007895578466252512,-0.0005332615527709835
805,3.400656530611423,-0.0012871156931945748,-0.0007021948449250799,0.00041048547046982216
806,3.404886202913178,-0.0012025489259513454,0.0008413475203411734,-0.00021294387260956845
807,3.396673846473273,-0.00012787078756110147,0.0002753480909546563,0.0008594621065024407
808,3.3885212162620224,-0.00012119085947146237,-0.000537243929509609,-0.00020856668255604644
809,3.392720127310674,0.0014283139890955078,0.00047629847746554806,0.000396418927515959
810,3.396919038359326,0.0007238846109252887,-0.0004031325506415378,-0.0009966284687107998
811,3.4011179494079777,1.8464167992454713e-05,0.00129086975716242,2.576400411594924e-05
812,3.40531686045663,-0.0009146780849237215,0.0004347544650352566,-0.001626110248126425
813,3.4095157715052817,0.00035883819961488863,-0.001028805295157506,-0.0012574302459893987
814,3.4013461510954044,-0.00012581371974216976,-0.0005667145548594203,-0.0011493276172444315
815,3.4055298486982277,0.0011318917585006803,-0.000303206568863861,-0.0008392892245035172
816,3.409713546301051,0.000735442675965799,0.00030788855158439446,0.0009082993357751418
817,3.401572705117218,0.0006399440337844831,-0.00018649503610168418,0.000809703128110703
818,3.3934904311361462,0.00023706683761396432,1.520871281125998e-05,0.0007772026921723263
819,3.3976440301950643,-0.00010730278369339254,-4.4389985912985364e-05,-0.0010525274578121755
820,3.4017976292539824,1.2839915998181074e-05,0.0019813609767990806,-0.00048427904271046397
821,3.3937435178171556,-0.0010626998557111457,0.0017258186450441074,-0.00029349775144338623
822,3.3857469357477346,-0.00070929615084416,0.001402928711980078,-0.0001410669998626965
823,3.389870866241946,0.0006939902388884817,0.0013878334009842076,0.0006997269705617301
824,3.3939947967361577,0.0001526842499336076,-0.0004222975741165844,0.000671018398576847
825,3.3860257780231438,-0.00030206683147936174,0.00021773299654015475,0.0003576939038417032
826,3.3901350326081237,9.402315832417047e-06,-0.0013745857646794285,-0.0006734516091995382
827,3.394244287193103,-0.0012655349350336113,-0.0006065620780486411,0.0003593997352716015
828,3.386302642693763,-0.0005211254989915124,0.0001876000734825002,-0.0002486693953797087
829,3.390397325453973,0.000637655643631334,-0.0010359044048619719,0.0006369291363030997
830,3.394492008214183,-0.00015190437927643064,-0.0005092087294086657,-0.0009362086135929814
831,3.3865775507236004,0.0006288804184745002,0.0001507086679576134,5.1993963920912214e-05
832,3.3906577646401352,-1.362217684707157e-05,-0.0016225099239239036,-0.0004986279120263471
833,3.3947379785566696,0.00036522314774867074,-0.0004744388639848371,0.000716677309699958
834,3.398818192473204,-0.0012990944133732232,0.0005489690669588934,0.0005020924499635561
835,3.4028984063897383,-0.0004111758462385113,-0.0007217735606248535,-0.00046430869534406306
836,3.406978620306273,-0.00027201338592840695,0.0006169334558383195,8.502566022514516e-05
837,3.399048063679769,-5.0378934874805476e-05,-0.0005541245975920181,-0.000733347304805465
838,3.3911731600822237,0.0006188360927852973,0.0005705374368429151,-0.0004794783853026521
839,3.3833533257406048,-5.755588649480257e-05,0.0005527465041479642,3.93670546802437e-05
840,3.387390740210462,0.0010265234967925098,-0.0006796904687435051,-0.0011282304920144654
841,3.3914281546803196,-0.0002688553220154367,-0.000649421547521536,-0.000726029124998955
842,3.395465569150177,0.00031067669179924627,0.0008811670637851394,-0.00016216665945957703
843,3.399502983620035,0.00019227315276759832,0.00033238707740866933,0.0011803866800746336
844,3.3916813723125756,-0.000278613221748301,8.324990855897248e-05,0.000574280972984946
845,3.3957047191361966,0.0012691519234619424,-0.0006509081637832316,0.0005577581747988268
846,3.3997280659598177,0.0004422049770112136,-0.00027461698317617187,-0.0012667889903917873
847,3.403751412783439,-0.00020980133756078007,0.000427498960255528,0.00013220150709196703
848,3.4077747596070602,0.0009859203962623779,-0.00035760261483207305,-0.00027760602470801597
849,3.3999515852277966,0.0005017991953820792,-0.0003519941848672756,0.000452496846772038
850,3.392182550463615,-0.0005469114789907353,0.00035384672207234587,0.00019106273706430521
851,3.3961780540566227,0.0008901903615263666,-0.00026040201636511376,-0.000435636909798386
852,3.4001735576496306,-0.0004841537348244923,-0.00015817716018152157,0.00011101681979576501
853,3.4041690612426385,7.635730015042145e-05,0.0007951205055736108,-0.0011593937494103403
854,3.408164564835646,-0.00041487055243990216,-0.0010061292381864037,-0.0009539223634795476
855,3.412160068428654,0.0007013150656142578,0.0003511554654780191,-0.0006366816124226452
856,3.416155572021662,-0.0002885817972977919,-0.0009714694963770678,0.00042541347937834987
857,3.4201510756146694,-0.0001425262227301268,0.00046169474111545526,-0.0004801397971346875
858,3.4123391772104092,0.0008040254516678484,-0.0004894420084541781,-0.0003964950922584193
859,3.4163209032048205,-0.000766798442301286,0.00012398056657827013,-6.465875017631139e-05
860,3.420302629199232,-0.0005801126289242548,-0.0016121399105839848,0.0006177897315912166
861,3.412517055003974,-4.3203939872169295e-05,-0.0009926670353898148,-6.262771187355213e-05
862,3.4164850980911883,0.0006456338272313552,-0.0004486490437155603,0.0017093246169302449
863,3.408739260557928,0.00022388353996717267,-0.00015907381179133898,0.0011554037357528657
864,3.412693714456487,7.364329235495895e-05,4.38193641292273e-05,-0.0007533825087828938
865,3.4049872531046876,2.114396426157254e-05,4.1416294711938594e-05,-0.000592834201520691
866,3.3973332166600434,-0.0007354366905526819,-0.0009005102520134699,4.217250052564947e-05
867,3.401260769511673,-0.00035931194714149665,-0.0005897352964424285,-0.0012517004642294376
868,3.393645311101055,-3.318622566270807e-05,-0.00028646099917489993,-0.00034178827495641087
869,3.386081308490508,0.0004071375469392417,0.00033087889057792716,0.0003912277010754667
870,3.3899823238228706,0.00013013090222041478,2.669157817219213e-05,-0.0014670651513029364
871,3.393883339155233,-0.001394213629051358,-0.0007272367923608089,-0.0013920748250387826
872,3.3977843544875954,0.00034052825106807306,-0.00021958861880404227,-0.001145339925855658
873,3.401685369819958,-0.00018707080527577066,0.00138970011830343,-0.0008506377238982238
874,3.40558638515232,0.0004427772851086713,0.0010992441030657318,0.0003353794193674025
875,3.398007644927495,0.00011319703233376848,-2.3250342262471435e-06,-0.0007797661055259734
876,3.390479768731024,-0.001019637672332856,0.0003557914231171615,-0.0006226847768993784
877,3.394354602752431,-0.000520407012312465,-0.0009142646629672584,-0.0002425392556490571
878,3.398229436773838,0.0005562806980885331,0.0003875250725847931,3.978704844745922e-05
879,3.402104270795245,0.00023116897510840664,-0.00014372262660301537,-0.0011145803299586784
880,3.394587870352382,2.1473522033064924e-05,0.00016410936013579183,-0.0009487303370716797
881,3.3984497450626807,-0.00088442263910702,-0.001335762468285528,-0.0001382584964430778
882,3.4023116197729792,0.00025899630906575384,3.361811735402011e-05,-4.212882597104271e-05
883,3.4061734944832778,3.7704990267751294e-05,-0.0014244962914904367,9.6706705437853e-05
884,3.4100353691935763,-9.775369950702118e-06,-0.0005918201041458157,-0.0012987961757554953
885,3.402517586424195,0.00028901999870127235,-0.0005413693772909849,-0.0005101681490816472
886,3.395049755699793,-7.691407229478945e-05,0.00037929122836886383,-0.0003402457350399951
887,3.3988859701130134,0.0004934479315483273,-0.0005336325745057653,0.0011734774637322187
888,3.4027221845262337,-0.0011558343864097461,-0.00027432824574350715,0.00088062154288213
889,3.4065583989394534,0.00010625614511652677,0.0009978083799819985,0.0004113748397179759
890,3.399101915957466,-0.00055605877398225,0.0005384651952011288,-0.00022597551983781416
891,3.391694650684931,-0.0005022216173531524,0.0002909772856834474,8.476851088339874e-06
892,3.395505543550869,0.0012080956577735329,-6.498737824590623e-06,-0.00019457022233916629
893,3.399316436416807,0.0001943117395323757,0.00040412338234568234,0.0009805525063085441
894,3.403127329282745,-0.0009958599392537893,0.0003203492482563113,-0.00019684313408797934
895,3.4069382221486832,0.00031890248607667655,-5.789614981384865e-05,0.0008940548478952919
896,3.3995295455573364,-0.00010728377820461012,0.0002060269725235088,0.0007979295756768196
897,3.3921694504518345,0.0007904967872100913,-0.0005670132650984727,0.00032011788588739596
898,3.3848574605431003,-0.0001308731437524391,0.00016404289886134997,-0.0007646136861434028
899,3.3775931057477786,0.0009177327902894084,-0.0006444009677071695,-0.00045943626958248115
900,3.381354345286473,-3.026834612495298e-05,0.00023227328099702504,0.0007787263568940677
901,3.385115584825168,0.00042707317066359115,-0.0014938351196664725,0.0003334420407890246
902,3.3888768243638627,-0.0008861637296229607,-0.0014352329639624453,-0.0009003123349064136
903,3.3926380639025573,-0.0006862680738771878,-6.157531857403869e-06,0.0001366536894053261
904,3.396399303441252,0.00048299425456698706,0.0005278798576115603,-0.0008299589578537541
905,3.4001605429799464,-0.0007584741545561366,0.00016306846102795563,0.00027008004418048963
906,3.403921782518641,0.0005478406768170387,-0.00028591971504456104,3.968711170737454e-05
907,3.407683022057336,-0.0009814043930753962,0.0002690130529605055,-0.0007390569315441038
908,3.4003681438635756,-0.0004417458840022238,0.0001573275190238359,0.00012677340769207528
909,3.404117171585586,0.0011166475873308809,6.174263819621975e-05,-0.0008589745607994804
910,3.4078661993075965,-0.0001424972240578047,-0.00026342761927501034,-0.0003633069324460667
911,3.4116152270296074,5.741219839799928e-05,-0.000189181724056942,0.00117125692017898
912,3.415364254751618,-0.0006507924043479823,0.00039356545731040956,-7.365590114138174e-05
913,3.4191132824736283,9.142684767052446e-05,-0.0007894421723495125,0.001137265740281768
914,3.422862310195639,-5.116229689345872e-05,-0.0003721298338749437,-0.0005613865783243245
915,3.4266113379176493,-2.854211434941201e-05,0.0013073373051380524,0.00011111441628528883
916,3.419258875783221,0.0001305493670082755,0.00035375940779631997,-0.000484431724286116
917,3.4119538488883694,-0.0007885847094020868,-0.0005285850110420952,-0.00035760601989006963
918,3.415678689334754,-0.0001529380927215145,-0.00036614749268315576,0.0012963892466466048
919,3.419403529781139,0.00018287316685876463,-1.722211041996905e-05,-0.00018739085719263952
920,3.4121215265933516,2.50539606141786e-06,0.0010539845219056253,0.0008237719748933377
921,3.415834390060809,-0.00038215513773108274,-0.00032584597759963455,-0.00013856391920294856
922,3.4195472535282665,0.00109421737882723,0.00012404535361015131,0.00016708352739518663
923,3.4232601169957237,0.0010939909052389129,-0.0010762562863228223,0.00016074650862164347
924,3.426972980463181,0.0008712991257666772,0.0005048824085517875,-0.00040363933060863836
925,3.4306858439306387,0.00010861551814673082,0.00033735651864673664,0.0011409584491314574
926,3.434398707398096,8.553533665246093e-05,-0.0002130102028870409,-0.0004346525602997481
927,3.4270919824973944,-0.0005604713138071596,0.0004306243681151735,0.00013301263352133135
928,3.4198319459347166,0.00023576869731310542,0.00013668905633328394,-0.00038943309672188225
929,3.42352108503497,-0.00018711256784114565,-0.00046267738953047443,0.001263453381890882
930,3.416295541892754,0.000819030096197391,0.0003677514912338922,0.0010113997044431014
931,3.4091158752149338,-0.00011183735658757126,-0.0003426018627856323,0.00018495331496509731
932,3.4019816494654536,0.0007598177292320218,0.00024403629799328775,-0.0008434910857431348
933,3.405635765093236,0.0004347576348913366,-0.0009404778504609722,-0.00013955027731198268
934,3.398535023053129,-0.0004199951142903996,-0.0008802034249325296,3.725281727444342e-05
935,3.402177611502275,-4.208385121150349e-05,0.0002706568534388061,-0.000933205181996932
936,3.395110073536479,0.0004552179414976558,-3.0782401044462746e-05,-0.0008329978271711759
937,3.398741207304967,-0.00017096173406243382,0.0010679828232049494,0.00011662767803373221
938,3.4023723410734554,0.0012921871755710707,0.0008478129741384342,-0.0007890382621707927
939,3.4060034748419437,0.0007221565938425373,0.0005373040684309728,0.0008728248202455042
940,3.3989460988655718,-6.97008716538617e-05,-9.939373586873968e-05,0.0008586235479238248
941,3.402565849769582,0.0003025247725594599,0.0013289038975754037,-0.00018861572366286091
942,3.406185600673592,-0.0004941600788662077,0.0005809200225915829,0.0009911631418005413
943,3.409805351577602,0.0007669817277694469,-7.170030771022267e-05,4.830721786542547e-05
944,3.4134251024816127,-0.0007707986678999358,0.00047994024868056734,-0.0003189084935164227
945,3.4063665882187926,0.00018692724929934834,0.0003745844119058723,5.621689012026127e-05
946,3.399352052237984,-0.00015728251223962977,-0.0004039079710942882,-8.241949857086356e-06
947,3.40294925017686,0.001473192412372292,0.00016059278995989048,0.00020100023946141015
948,3.4065464481157366,0.0014561438201068377,-0.00020076551549762754,-0.0012857650823237267
949,3.4101436460546126,0.0010446987604525561,0.0006162462722977327,-1.7741817664407135e-05
950,3.4137408439934886,0.0006253667509038328,-0.0005243798606450042,0.0004985373901995284
951,3.417338041932365,0.0001891294024688742,0.0003299624881169685,-0.0009863178844995494
952,3.410311217387169,-0.0008135898224137801,0.0002455442736278197,-0.0006437443511267325
953,3.4138972439038744,0.0008868078895096657,0.00024350738006935688,-0.00018402013480488052
954,3.4174832704205804,-0.0004775168569608428,-0.0005040209947925564,0.00044772803103406247
955,3.421069296937286,-0.00018783162368481748,-0.0004334903210209129,-0.0012770780359652953
956,3.4246553234539916,0.0006791844384852942,-0.0002733225288236999,1.3616203187972374e-05
957,3.417627599661191,0.000228829871410738,0.0007701551265457485,-0.0008994954657291373
958,3.4106432568794562,-0.00043971942512062136,0.0003972869983818513,-0.0002315257367605015
959,3.4142071474300093,-0.00028322654185739487,-0.0008115542638013214,-3.2460781545351694e-05
960,3.417771037980563,-6.611628572590783e-05,0.0003739917900049816,0.00028656230138058035
961,3.421334928531116,0.0011075163933199665,-0.0005114339202633761,7.19139424131359e-06
962,3.4143606688691106,0.0005724640145789537,-0.00043777342563538005,-0.0009699628309028518
963,3.4074291960761967,0.0005700242193693931,0.0004265593432898324,-0.0005265306448513625
964,3.400540117612292,-0.00020564932481147003,-0.00015982500880287466,0.0002488407208651894
965,3.404071311919262,0.0009715923406293225,0.0005394987994964032,-1.7657634427243837e-05
966,3.3972134741950546,0.0009329052076217654,-0.0004259278509702549,0.00015150055402539484
967,3.390397325453973,0.0002862443664084362,0.0005019696499074034,-6.214476892206573e-05
968,3.393907053534153,-7.991717572114178e-05,-0.000695071083432505,0.0006556877159785468
969,3.3871215792458047,0.00019775106848577158,-0.0005324618193043369,0.0002403732018687007
970,3.390620671786348,-0.00019148190380989394,0.0007569108222852839,-0.0006298313926615332
971,3.394119764326891,0.0003882741663089375,0.0005974673362598816,0.0005283180714079648
972,3.3976188568674344,-5.3226132841139674e-05,-8.027198697517679e-05,-0.0009050390902842538
973,3.4011179494079777,0.00118403952923347,0.000988523208521247,-0.0002075684888728481
974,3.4046170419485207,0.0006334136876816189,0.0009125327597567511,0.0010936050179936687
975,3.408116134489064,-0.0008663985778022868,0.00042652473128470625,0.00045399795627764543
976,3.4013082323860133,-0.0003486720117013744,-0.0004669945269945289,-0.0004450606634997013
977,3.3945413417414145,-7.146208942295098e-05,-0.00023022336900536982,0.0005354688949309128
978,3.3878150930826694,0.0005959627258451415,-0.0002188197479241879,0.00015921212537259741
979,3.3912826622669914,-0.0007438661821160416,0.0008836492871004189,-0.00014346581348914037
980,3.394750231451314,0.0007201643372626638,0.000824040776969041,7.664355099963712e-05
981,3.398217800635636,0.0004825769241544606,-0.00017666085923352708,-0.001276576276246729
982,3.401685369819958,0.00037217233859742683,0.0014850585345882595,-0.0010957775720135822
983,3.40515293900428,-0.0006946499808271198,0.0008594766780982933,-9.563236852146859e-05
984,3.408620508188602,0.00010078734492551881,0.0005762068063377651,0.0011840569605364138
985,3.412088077372924,-0.00040569888740711125,0.0003274670166580963,-0.000141576922638273
986,3.4053294320465954,-3.775240586866737e-05,-0.00012870701136402128,0.0006843278405530913
987,3.3986111368416183,0.0006197692705422788,0.0005478365464899389,0.00036936104864442206
988,3.4020580041203625,0.0004898197988592377,0.0004784437301443772,-0.0006581871944973245
989,3.4055048713991067,-0.0006133376614857965,-0.00039043620065085544,3.337811397767118e-05
990,3.4089517386778505,0.0010197590321859651,0.00019065963476947955,1.2932534884447372e-05
991,3.402242657724581,0.00041973922200136274,-0.0005223141234701976,-0.0007977627325453587
992,3.405679266469757,0.0002603746480815261,0.0005383548065609982,-0.00023282899197556004
993,3.3989998043685987,-0.00019607827175926201,-0.00026729805399400026,0.0007482638094794317
994,3.402426215461712,0.0010043720595568414,0.00023844041233564138,0.00019480161231686565
995,3.4058526265548257,-0.00048004267302676683,-0.00012003962071488464,-0.00018965538361553102
996,3.3991924132761993,0.00044615494945367284,0.00024804209678354295,0.0004046664820588397
997,3.4026086870583865,0.0003336422608796485,-0.0009412456375771939,0.0002176682898463685
998,3.4060249608405737,-0.0011879311714693133,-0.000905395521402788,-0.00043545827547402283
999,3.409441234622761,0.00016345986301872365,-0.00044620452820285777,0.00045690625821462403
1000,3.4027900821264674,-1.2327469355119358e-05,3.917386236143866e-05,-0.0004915309142578831
t,0.10997839999618009
